Email-Address;First-name;Last-name
pr-walter@maviance.de;Paul;Walter
pr-mueller@maviance.de;Max;Müller
pr-ferdinand@maviance.de;Franz;Ferdinand
pr-gustafsson@maviance.de;Karl;Gustafsson
pr-lieblich@maviance.de;Werner;Lieblich
pr-rabe@maviance.de;Harald;Rabe
